<?xml version="1.0"?>
<StorageTableVersions xmlns:xsi="http://www.w3.org/2001/XMLSchema-instance" xmlns:xsd="http://www.w3.org/2001/XMLSchema">
  <ProjectGuid>5db07867-799a-499c-8a4f-ae0740bd6341</ProjectGuid>
  <Versions>
    <StorageTableVersion>
      <StorageTableName>NEO_SYSTEM_PROJECT_SETTINGS</StorageTableName>
      <Guid xsi:nil="true" />
      <StorageColumnTypes>
        <StorageColumnType>
          <Name>Guid</Name>
          <TypeName>System.String</TypeName>
          <IsPrimaryKey>true</IsPrimaryKey>
        </StorageColumnType>
        <StorageColumnType>
          <Name>Version</Name>
          <TypeName>System.String</TypeName>
        </StorageColumnType>
      </StorageColumnTypes>
    </StorageTableVersion>
    <StorageTableVersion>
      <StorageTableName>NEO_SYSTEM_TABLE_VERSIONS</StorageTableName>
      <Guid xsi:nil="true" />
      <StorageColumnTypes>
        <StorageColumnType>
          <Name>StorageTableName</Name>
          <TypeName>System.String</TypeName>
          <IsPrimaryKey>true</IsPrimaryKey>
        </StorageColumnType>
        <StorageColumnType>
          <Name>GuidString</Name>
          <TypeName>System.String</TypeName>
        </StorageColumnType>
        <StorageColumnType>
          <Name>SchemaVersion</Name>
          <TypeName>System.Int64</TypeName>
        </StorageColumnType>
        <StorageColumnType>
          <Name>DataVersionDesignTime</Name>
          <TypeName>System.Int64</TypeName>
        </StorageColumnType>
        <StorageColumnType>
          <Name>DataVersionRunTime</Name>
          <TypeName>System.Int64</TypeName>
        </StorageColumnType>
      </StorageColumnTypes>
    </StorageTableVersion>
    <StorageTableVersion>
      <StorageTableName>AuditLog</StorageTableName>
      <Guid xsi:nil="true" />
      <StorageColumnTypes>
        <StorageColumnType>
          <Name>Message</Name>
          <TypeName>System.String</TypeName>
        </StorageColumnType>
        <StorageColumnType>
          <Name>Description</Name>
          <TypeName>System.String</TypeName>
        </StorageColumnType>
        <StorageColumnType>
          <Name>ValueBefore</Name>
          <TypeName>System.String</TypeName>
        </StorageColumnType>
        <StorageColumnType>
          <Name>ValueAfter</Name>
          <TypeName>System.String</TypeName>
        </StorageColumnType>
        <StorageColumnType>
          <Name>TimeStamp</Name>
          <TypeName>System.DateTime</TypeName>
        </StorageColumnType>
        <StorageColumnType>
          <Name>UserName</Name>
          <TypeName>System.String</TypeName>
        </StorageColumnType>
        <StorageColumnType>
          <Name>Id</Name>
          <TypeName>System.Int32</TypeName>
          <IsPrimaryKey>true</IsPrimaryKey>
          <IsAutoIncrement>true</IsAutoIncrement>
        </StorageColumnType>
      </StorageColumnTypes>
    </StorageTableVersion>
    <StorageTableVersion>
      <StorageTableName>NonVolatile</StorageTableName>
      <Guid xsi:nil="true" />
      <StorageColumnTypes>
        <StorageColumnType>
          <Name>Tag</Name>
          <TypeName>System.String</TypeName>
          <IsPrimaryKey>true</IsPrimaryKey>
        </StorageColumnType>
        <StorageColumnType>
          <Name>Type</Name>
          <TypeName>System.String</TypeName>
        </StorageColumnType>
        <StorageColumnType>
          <Name>Value</Name>
          <TypeName>System.String</TypeName>
        </StorageColumnType>
      </StorageColumnTypes>
    </StorageTableVersion>
    <StorageTableVersion>
      <StorageTableName>AlarmServer</StorageTableName>
      <Guid xsi:nil="true" />
      <StorageColumnTypes>
        <StorageColumnType>
          <Name>Id</Name>
          <TypeName>System.String</TypeName>
          <IsPrimaryKey>true</IsPrimaryKey>
        </StorageColumnType>
        <StorageColumnType>
          <Name>AlarmEventType</Name>
          <TypeName>System.String</TypeName>
        </StorageColumnType>
        <StorageColumnType>
          <Name>AlarmItemName</Name>
          <TypeName>System.String</TypeName>
        </StorageColumnType>
        <StorageColumnType>
          <Name>AlarmItemDisplayName</Name>
          <TypeName>System.String</TypeName>
        </StorageColumnType>
        <StorageColumnType>
          <Name>Text</Name>
          <TypeName>System.String</TypeName>
        </StorageColumnType>
        <StorageColumnType>
          <Name>State</Name>
          <TypeName>Neo.ApplicationFramework.Interfaces.AlarmState</TypeName>
        </StorageColumnType>
        <StorageColumnType>
          <Name>Count</Name>
          <TypeName>System.Int32</TypeName>
        </StorageColumnType>
        <StorageColumnType>
          <Name>AcknowledgeTime</Name>
          <TypeName>System.DateTime</TypeName>
        </StorageColumnType>
        <StorageColumnType>
          <Name>InActiveTime</Name>
          <TypeName>System.DateTime</TypeName>
        </StorageColumnType>
        <StorageColumnType>
          <Name>NormalTime</Name>
          <TypeName>System.DateTime</TypeName>
        </StorageColumnType>
        <StorageColumnType>
          <Name>ActiveTime</Name>
          <TypeName>System.DateTime</TypeName>
          <IndexDirection>Desc</IndexDirection>
        </StorageColumnType>
        <StorageColumnType>
          <Name>DynamicValues</Name>
          <TypeName>System.String</TypeName>
        </StorageColumnType>
      </StorageColumnTypes>
    </StorageTableVersion>
    <StorageTableVersion>
      <StorageTableName>TransferAlarmServer</StorageTableName>
      <Guid xsi:nil="true" />
      <StorageColumnTypes>
        <StorageColumnType>
          <Name>GuiId</Name>
          <TypeName>System.Guid</TypeName>
          <IsPrimaryKey>true</IsPrimaryKey>
        </StorageColumnType>
        <StorageColumnType>
          <Name>Id</Name>
          <TypeName>System.Guid</TypeName>
        </StorageColumnType>
        <StorageColumnType>
          <Name>State</Name>
          <TypeName>Neo.ApplicationFramework.Interfaces.AlarmState</TypeName>
        </StorageColumnType>
        <StorageColumnType>
          <Name>Text</Name>
          <TypeName>System.String</TypeName>
        </StorageColumnType>
        <StorageColumnType>
          <Name>AlarmGroupName</Name>
          <TypeName>System.String</TypeName>
        </StorageColumnType>
        <StorageColumnType>
          <Name>AlarmItemDisplayName</Name>
          <TypeName>System.String</TypeName>
        </StorageColumnType>
        <StorageColumnType>
          <Name>AcknowledgeTime</Name>
          <TypeName>System.DateTime</TypeName>
        </StorageColumnType>
        <StorageColumnType>
          <Name>ActiveTime</Name>
          <TypeName>System.DateTime</TypeName>
        </StorageColumnType>
        <StorageColumnType>
          <Name>InActiveTime</Name>
          <TypeName>System.DateTime</TypeName>
        </StorageColumnType>
        <StorageColumnType>
          <Name>NormalTime</Name>
          <TypeName>System.DateTime</TypeName>
        </StorageColumnType>
        <StorageColumnType>
          <Name>Count</Name>
          <TypeName>System.Int32</TypeName>
        </StorageColumnType>
        <StorageColumnType>
          <Name>ToBeDistributed</Name>
          <TypeName>System.Boolean</TypeName>
        </StorageColumnType>
        <StorageColumnType>
          <Name>IPAddress</Name>
          <TypeName>System.String</TypeName>
        </StorageColumnType>
      </StorageColumnTypes>
    </StorageTableVersion>
  </Versions>
</StorageTableVersions>